{
  "cognitiveModels": {
    "en": {
      "languageModels": [
        {
          "name": "virtualworkfriendpikachuen_general",
          "subscriptionkey": "926caf5dfe5142b88d4a72c8db01284c",
          "region": "westus",
          "version": "0.1",
          "id": "general",
          "authoringkey": "926caf5dfe5142b88d4a72c8db01284c",
          "appid": "10aca124-099b-4f65-b64d-e3247da7d30b"
        }
      ],
      "dispatchModel": {
        "name": "virtualworkfriendpikachuen_Dispatch",
        "region": "westus",
        "subscriptionkey": "926caf5dfe5142b88d4a72c8db01284c",
        "type": "dispatch",
        "authoringkey": "926caf5dfe5142b88d4a72c8db01284c",
        "appid": "65b2b7d6-4233-4b04-87cf-4a6f3e194ad4"
      },
      "knowledgebases": [
        {
          "endpointKey": "d18576a4-453c-42c6-8e12-18565cf09fbb",
          "name": "chitchat",
          "subscriptionKey": "d500c0853d204009add14d5fa5d4a7d6",
          "hostname": "https://virtualworkfriendpikachu-qnahost.azurewebsites.net",
          "kbId": "8891b99c-c467-4330-9745-748f8c60653e",
          "id": "chitchat"
        },
        {
          "endpointKey": "d18576a4-453c-42c6-8e12-18565cf09fbb",
          "name": "faq",
          "subscriptionKey": "d500c0853d204009add14d5fa5d4a7d6",
          "hostname": "https://virtualworkfriendpikachu-qnahost.azurewebsites.net",
          "kbId": "de56bbab-3b5a-4eba-a247-73717fe7c38a",
          "id": "faq"
        }
      ]
    }
  },
  "defaultLocale": "en-us"
}
