{
  "luis_schema_version": "3.2.0",
  "versionId": "Dispatch",
  "name": "virtualworkfriendpikachuen_Dispatch",
  "desc": "Dispatch model for virtualworkfriendpikachuen_Dispatch",
  "culture": "en-us",
  "tokenizerVersion": "1.0.0",
  "intents": [
    {
      "name": "l_general"
    },
    {
      "name": "q_chitchat"
    },
    {
      "name": "q_faq"
    }
  ],
  "entities": [
    {
      "name": "DirectionalReference",
      "roles": []
    }
  ],
  "composites": [],
  "closedLists": [],
  "patternAnyEntities": [],
  "regex_entities": [],
  "prebuiltEntities": [
    {
      "name": "number",
      "roles": []
    },
    {
      "name": "ordinal",
      "roles": []
    }
  ],
  "model_features": [],
  "regex_features": [],
  "patterns": [
    {
      "pattern": "^(yes|sure)[[,]i want (that|the ({DirectionalReference}|{ordinal}) ({number}|one))]",
      "intent": "l_general"
    }
  ],
  "utterances": [],
  "settings": [
    {
      "name": "NormalizeDiacritics",
      "value": "true"
    }
  ]
}